{"cameraMode":{"drawMode":0,"name":"Shaded","section":"Shading Mode"},"sceneLighting":false,"audioPlay":false,"sceneViewState":{"m_AlwaysRefresh":false,"showFog":true,"showSkybox":false,"showFlares":true,"showImageEffects":true,"showParticleSystems":true,"showVisualEffectGraphs":true,"m_FxEnabled":true},"in2DMode":false,"pivot":{"x":1.7411878108978272,"y":1.958470344543457,"z":0.46370744705200198},"rotation":{"x":-0.06465117633342743,"y":0.05894048139452934,"z":-0.003827434265986085,"w":-0.9961735010147095},"size":6.253081798553467,"orthographic":false}