{"cameraMode":{"drawMode":0,"name":"Shaded","section":"Shading Mode"},"sceneLighting":false,"audioPlay":false,"sceneViewState":{"showFog":true,"showMaterialUpdate":false,"showSkybox":false,"showFlares":true,"showImageEffects":true,"showParticleSystems":true},"in2DMode":false,"pivot":{"x":-1.871598482131958,"y":-1.8356907367706299,"z":1.0299999713897706},"rotation":{"x":-0.21705271303653718,"y":0.06641625612974167,"z":-0.014803764410316944,"w":-0.9737941026687622},"size":1.1598076820373536,"orthographic":false}