{"cameraMode":{"drawMode":0,"name":"Shaded","section":"Shading Mode"},"sceneLighting":false,"audioPlay":false,"sceneViewState":{"showFog":true,"showMaterialUpdate":false,"showSkybox":false,"showFlares":true,"showImageEffects":true,"showParticleSystems":true},"in2DMode":false,"pivot":{"x":-0.023317694664001466,"y":0.03238976001739502,"z":-0.003991484642028809},"rotation":{"x":-0.10121411085128784,"y":0.7286773920059204,"z":-0.1103588417172432,"w":-0.6682915091514587},"size":2.2990739345550539,"orthographic":false}